item_id,filename,media_type,source_archive,internal_path,tranche,agency,sha256,byte_size,source_url,retrieval_timestamp,archiver_version,pdf_page_count,image_width,image_height,video_duration_sec,video_resolution,country,date,date_precision,item_type
1,65_HS1-834228961_62-HQ-83894_Section_2.pdf,text,Release_1.zip,Release_1/65_HS1-834228961_62-HQ-83894_Section_2.pdf,Tranche_1,unknown,e196678aefbf9d1239524925838250d452ac3155789d226d6ebe0158b915070e,118380300,https://www.war.gov/ufo/pursue-initiative/,2026-05-12T22:26:48Z,1.0.0,194,,,,,,,,
2,FBI-Photo-B15.pdf,text,Release_1.zip,Release_1/FBI-Photo-B15.pdf,Tranche_1,unknown,0c6fe7a96a68e8440cd405bb92519fce639079a00ed6b6193863a39fa5a86c14,427316,https://www.war.gov/ufo/pursue-initiative/,2026-05-12T22:26:48Z,1.0.0,1,,,,,,,,
3,DOW-UAP-D65-Mission-Report-Persian-Gulf-July-2020.pdf,text,Release_1.zip,Release_1/DOW-UAP-D65-Mission-Report-Persian-Gulf-July-2020.pdf,Tranche_1,DOW,bfbc281190a14c522d854c0cf2699f82de419e8f8a455949871ccdc9175bf423,3043075,https://www.war.gov/ufo/pursue-initiative/,2026-05-12T22:26:48Z,1.0.0,8,,,,,Persian-Gulf,2020-07-01,month,Mission-Report
4,Serial-4-Redacted_Redacted.pdf,text,Release_1.zip,Release_1/Serial-4-Redacted_Redacted.pdf,Tranche_1,unknown,29ed0fb7cbe0be3c23965212bb83c58d3890a0de9253938ee4e9c9bb2349d5fe,237155,https://www.war.gov/ufo/pursue-initiative/,2026-05-12T22:26:48Z,1.0.0,2,,,,,,,,
5,18_100754_ General 1946-7_Vol_2.pdf,text,Release_1.zip,Release_1/18_100754_ General 1946-7_Vol_2.pdf,Tranche_1,unknown,85d659d6b2208610ac55e6c82cfed0315002f4b6d43963a29fb8e973258bfdd2,61464225,https://www.war.gov/ufo/pursue-initiative/,2026-05-12T22:26:48Z,1.0.0,28,,,,,,,,
6,DOW-UAP-D16-Mission-Report-Syria-July-2022.pdf,text,Release_1.zip,Release_1/DOW-UAP-D16-Mission-Report-Syria-July-2022.pdf,Tranche_1,DOW,b3b3f023d70bcce3178de9fe6a019ea6db5e5145bc7e28a49308442e190ef817,6999240,https://www.war.gov/ufo/pursue-initiative/,2026-05-12T22:26:48Z,1.0.0,7,,,,,Syria,2022-07-01,month,Mission-Report
7,FBI-Photo-B14.pdf,text,Release_1.zip,Release_1/FBI-Photo-B14.pdf,Tranche_1,unknown,54f36aa547dd25b7c099a66b2c5f52c951315906a704d6b215cb1651e7dc92f2,448290,https://www.war.gov/ufo/pursue-initiative/,2026-05-12T22:26:48Z,1.0.0,1,,,,,,,,
8,65_HS1-834228961_62-HQ-83894_Section_3.pdf,text,Release_1.zip,Release_1/65_HS1-834228961_62-HQ-83894_Section_3.pdf,Tranche_1,unknown,1a9e21457d266c408a9982485034fed73ebdbede94b3c8322ee024eaa60cfe57,50907255,https://www.war.gov/ufo/pursue-initiative/,2026-05-12T22:26:48Z,1.0.0,190,,,,,,,,
9,DOW-UAP-D75-Mission-Report-Gulf-of-Aden-July-2024.pdf,text,Release_1.zip,Release_1/DOW-UAP-D75-Mission-Report-Gulf-of-Aden-July-2024.pdf,Tranche_1,DOW,672b79390fe6595828c71e1f3df8cb0a2290f0658c36ed724e17ea167233b771,792150,https://www.war.gov/ufo/pursue-initiative/,2026-05-12T22:26:48Z,1.0.0,8,,,,,Gulf-of-Aden,2024-07-01,month,Mission-Report
10,65_HS1-834228961_62-HQ-83894_Section_1.pdf,text,Release_1.zip,Release_1/65_HS1-834228961_62-HQ-83894_Section_1.pdf,Tranche_1,unknown,47e9d92b03cd96e2af3510ae7b583ce03c6a89acc21a3cc75c0cae3773c19c35,108961866,https://www.war.gov/ufo/pursue-initiative/,2026-05-12T22:26:48Z,1.0.0,185,,,,,,,,
11,FBI-Photo-B16.pdf,text,Release_1.zip,Release_1/FBI-Photo-B16.pdf,Tranche_1,unknown,76bc12588922fca7ef9019f1c809a07e3a159cb1d789013f6acbfcd893935b6a,433987,https://www.war.gov/ufo/pursue-initiative/,2026-05-12T22:26:48Z,1.0.0,1,,,,,,,,
12,DOS-UAP-D2-Cable-2-Kazakhstan-January-1994.pdf,text,Release_1.zip,Release_1/DOS-UAP-D2-Cable-2-Kazakhstan-January-1994.pdf,Tranche_1,DOS,64847feac6a309a847a39689ed2036e556f35a253189c7b9b33bd9d40b26b239,370719,https://www.war.gov/ufo/pursue-initiative/,2026-05-12T22:26:48Z,1.0.0,3,,,,,Kazakhstan,1994-01-01,month,Cable
13,65_HS1-101634279_100-DE-18221_Serial_844.pdf,text,Release_1.zip,Release_1/65_HS1-101634279_100-DE-18221_Serial_844.pdf,Tranche_1,unknown,17e13c53b0cc0c3122b4d14d5b74a6cf8fda907179a9f8f8fea506c90c8fe09c,677153,https://www.war.gov/ufo/pursue-initiative/,2026-05-12T22:26:48Z,1.0.0,1,,,,,,,,
14,65_HS1-834228961_62-HQ-83894_Serial_438.pdf,text,Release_1.zip,Release_1/65_HS1-834228961_62-HQ-83894_Serial_438.pdf,Tranche_1,unknown,9a98bf803016c9a2252c03ea960d61d0e35652c88a9098018ebf8f953141c9a8,15143657,https://www.war.gov/ufo/pursue-initiative/,2026-05-12T22:26:48Z,1.0.0,40,,,,,,,,
15,DOW-UAP-D8-Mission-Report-Djibouti-2025.pdf,text,Release_1.zip,Release_1/DOW-UAP-D8-Mission-Report-Djibouti-2025.pdf,Tranche_1,DOW,0a8548a845c3b45f90ee512bdfd8eac1af073072228e7e4d24e779d12025886c,29154,https://www.war.gov/ufo/pursue-initiative/,2026-05-12T22:26:48Z,1.0.0,7,,,,,Djibouti,2025-01-01,year,Mission-Report
16,DOW-UAP-D50-Email-Correspondence-INDOPACOM-April-2025.pdf,text,Release_1.zip,Release_1/DOW-UAP-D50-Email-Correspondence-INDOPACOM-April-2025.pdf,Tranche_1,DOW,10c11e9bf4d6686159da48e3d9388e7d3afe4ae8b1e79725ec6c63ccc491e537,312451,https://www.war.gov/ufo/pursue-initiative/,2026-05-12T22:26:48Z,1.0.0,2,,,,,INDOPACOM,2025-04-01,month,Email-Correspondence
17,DOW-UAP-D23-Mission-Report-United-Arab-Emirates-October-2023.pdf,text,Release_1.zip,Release_1/DOW-UAP-D23-Mission-Report-United-Arab-Emirates-October-2023.pdf,Tranche_1,DOW,ea1cd5296143f378db533066b524c32c1ecfbfd43d74ec6be7d832c20fa271bb,1324277,https://www.war.gov/ufo/pursue-initiative/,2026-05-12T22:26:48Z,1.0.0,9,,,,,United-Arab-Emirates,2023-10-01,month,Mission-Report
18,DOW-UAP-D42-Range-Fouler-Debrief-Japan-2023.pdf,text,Release_1.zip,Release_1/DOW-UAP-D42-Range-Fouler-Debrief-Japan-2023.pdf,Tranche_1,DOW,d52431b354af55b1e86cb454e61fd61993af3b023a38f2d9e014a9c9d18d16b4,295621,https://www.war.gov/ufo/pursue-initiative/,2026-05-12T22:26:48Z,1.0.0,1,,,,,Japan,2023-01-01,year,Range-Fouler-Debrief
19,FBI-Photo-B17.pdf,text,Release_1.zip,Release_1/FBI-Photo-B17.pdf,Tranche_1,unknown,60418c8bf9ed18d064ebb7a6e378814ca24438614855b4e626d4375855f57e8d,435400,https://www.war.gov/ufo/pursue-initiative/,2026-05-12T22:26:48Z,1.0.0,1,,,,,,,,
20,FBI-Photo-B13.pdf,text,Release_1.zip,Release_1/FBI-Photo-B13.pdf,Tranche_1,unknown,92555935e35bf99584a41d4433d9b53fd5e9eeff02656e86f7f3456c6f798984,434067,https://www.war.gov/ufo/pursue-initiative/,2026-05-12T22:26:48Z,1.0.0,1,,,,,,,,
21,65_HS1-834228961_62-HQ-83894_Section_4.pdf,text,Release_1.zip,Release_1/65_HS1-834228961_62-HQ-83894_Section_4.pdf,Tranche_1,unknown,1ddb6ef944239c55b86c1089246cd77aadd1d3d391238a1feeab700f7b773d7b,92073029,https://www.war.gov/ufo/pursue-initiative/,2026-05-12T22:26:48Z,1.0.0,214,,,,,,,,
22,059UAP00011.pdf,text,Release_1.zip,Release_1/059UAP00011.pdf,Tranche_1,unknown,df5874d4b68d17f996da1af0026bf701c627a6e21c244cabf6fd53689369beca,830359,https://www.war.gov/ufo/pursue-initiative/,2026-05-12T22:26:48Z,1.0.0,5,,,,,,,,
23,DOW-UAP-D28-Mission-Report-East-China-Sea-2024.pdf,text,Release_1.zip,Release_1/DOW-UAP-D28-Mission-Report-East-China-Sea-2024.pdf,Tranche_1,DOW,e12c00b3e2d64e35eef5623499e6eb23b1bc21d304523c75d28d3f474d91d77e,633172,https://www.war.gov/ufo/pursue-initiative/,2026-05-12T22:26:48Z,1.0.0,6,,,,,East-China-Sea,2024-01-01,year,Mission-Report
24,342_HS1-416511228_box186_319.1-Flying-Discs-1949.pdf,text,Release_1.zip,Release_1/342_HS1-416511228_box186_319.1-Flying-Discs-1949.pdf,Tranche_1,unknown,707639e26003ce0c4f317b379626092d56af0f5a73db52cd91d4af184009c515,123253043,https://www.war.gov/ufo/pursue-initiative/,2026-05-12T22:26:48Z,1.0.0,143,,,,,,,,
25,DOW-UAP-D48-Report-September-1996.pdf,text,Release_1.zip,Release_1/DOW-UAP-D48-Report-September-1996.pdf,Tranche_1,DOW,0dc72877cdf9cc3a1645c3c9d282928922b00e8fd9ffd7b1daf66f46c72b2071,22495083,https://www.war.gov/ufo/pursue-initiative/,2026-05-12T22:26:48Z,1.0.0,181,,,,,,1996-09-01,month,Report
26,65_HS1-834228961_62-HQ-83894_Serial_164.pdf,text,Release_1.zip,Release_1/65_HS1-834228961_62-HQ-83894_Serial_164.pdf,Tranche_1,unknown,879e35dffa0b4a126fc114f6f402a2ca398bd0b6e4718e12f377e7a65e1a3170,30938461,https://www.war.gov/ufo/pursue-initiative/,2026-05-12T22:26:48Z,1.0.0,137,,,,,,,,
27,65_HS1-101634279_100-DE-26505.pdf,text,Release_1.zip,Release_1/65_HS1-101634279_100-DE-26505.pdf,Tranche_1,unknown,d71c2f57a9f173b56220eb6a7f5b867a6d0ed296a0c997cd4997e26fc895f29b,12990300,https://www.war.gov/ufo/pursue-initiative/,2026-05-12T22:26:48Z,1.0.0,15,,,,,,,,
28,65_HS1-834228961_62-HQ-83894_Section_5.pdf,text,Release_1.zip,Release_1/65_HS1-834228961_62-HQ-83894_Section_5.pdf,Tranche_1,unknown,8bac3aeb023a716259510a74b1264cc38f16b3a012e420e1551a163e4df57573,58041955,https://www.war.gov/ufo/pursue-initiative/,2026-05-12T22:26:48Z,1.0.0,209,,,,,,,,
29,FBI-Photo-B12.pdf,text,Release_1.zip,Release_1/FBI-Photo-B12.pdf,Tranche_1,unknown,c440872bb730cae896ce618a3b9d4c4d57553e1910ad218b41c0be01f8801694,574722,https://www.war.gov/ufo/pursue-initiative/,2026-05-12T22:26:48Z,1.0.0,1,,,,,,,,
30,DOW-UAP-D27-Mission-Report-United-Arab-Emirates-October-2023.pdf,text,Release_1.zip,Release_1/DOW-UAP-D27-Mission-Report-United-Arab-Emirates-October-2023.pdf,Tranche_1,DOW,86275421f64583566fcc32b7422c5d991b35dd7d3700e01d3fcf24b279fff243,689226,https://www.war.gov/ufo/pursue-initiative/,2026-05-12T22:26:48Z,1.0.0,8,,,,,United-Arab-Emirates,2023-10-01,month,Mission-Report
31,FBI-Photo-B10.pdf,text,Release_1.zip,Release_1/FBI-Photo-B10.pdf,Tranche_1,unknown,1594af0628fa9ae782b86bb3721ae2c1233a0bf0e03e6b45dd82a9badc642aa8,601748,https://www.war.gov/ufo/pursue-initiative/,2026-05-12T22:26:48Z,1.0.0,1,,,,,,,,
32,65_HS1-834228961_62-HQ-83894_Section_7.pdf,text,Release_1.zip,Release_1/65_HS1-834228961_62-HQ-83894_Section_7.pdf,Tranche_1,unknown,d1cc1285f2af2229df0f6a50dae11e72b943d94e95fb7effb34ba3433c12d82e,62687106,https://www.war.gov/ufo/pursue-initiative/,2026-05-12T22:26:48Z,1.0.0,205,,,,,,,,
33,38_143685_box7_Incident_Summaries_173-233.pdf,text,Release_1.zip,Release_1/38_143685_box7_Incident_Summaries_173-233.pdf,Tranche_1,unknown,1d9722f764878359c73135f82b12608f1267eaf90d274c7d5775ab43bc9a289c,49382924,https://www.war.gov/ufo/pursue-initiative/,2026-05-12T22:26:48Z,1.0.0,144,,,,,,,,
34,059UAP00012.pdf,text,Release_1.zip,Release_1/059UAP00012.pdf,Tranche_1,unknown,a289d6a9d8286514343ac3be8a793f0e1d297b400ccc0a417485cba385fd9230,656720,https://www.war.gov/ufo/pursue-initiative/,2026-05-12T22:26:48Z,1.0.0,5,,,,,,,,
35,341_110677_Numerical_File_5-2500.pdf,text,Release_1.zip,Release_1/341_110677_Numerical_File_5-2500.pdf,Tranche_1,unknown,2cbbb33f9917d45c8b6009ee6ec5b958bc9c7d28b4a0f04edd261e7bf2f3d2f6,57343984,https://www.war.gov/ufo/pursue-initiative/,2026-05-12T22:26:48Z,1.0.0,10,,,,,,,,
36,Serial 5 Redacted_Redacted.pdf,text,Release_1.zip,Release_1/Serial 5 Redacted_Redacted.pdf,Tranche_1,unknown,c38d267441b19350df557d9f3bfbd689fb5ba0619366373a7b9e6f8dce84bb8c,227126,https://www.war.gov/ufo/pursue-initiative/,2026-05-12T22:26:48Z,1.0.0,2,,,,,,,,
37,65_HS1-834228961_62-HQ-83894_Serial_403.pdf,text,Release_1.zip,Release_1/65_HS1-834228961_62-HQ-83894_Serial_403.pdf,Tranche_1,unknown,5cb3c74eecbafa0fb9d961ab173a1de54a89cbf430b55bdf144475c341413acf,5745008,https://www.war.gov/ufo/pursue-initiative/,2026-05-12T22:26:48Z,1.0.0,3,,,,,,,,
38,NASA-UAP-VM3-Apollo-12-1969.jpg,image,Release_1.zip,Release_1/NASA-UAP-VM3-Apollo-12-1969.jpg,Tranche_1,NASA,cc3ac0d6800848612758fe0c36d84d96836f6ea0c9f028d453a5f985e4f8dc34,2534744,https://www.war.gov/ufo/pursue-initiative/,2026-05-12T22:26:48Z,1.0.0,,4400,4600,,,,1969-01-01,year,VM3
39,DOW-UAP-D14-Mission-Report-Iraq-May-2022.pdf,text,Release_1.zip,Release_1/DOW-UAP-D14-Mission-Report-Iraq-May-2022.pdf,Tranche_1,DOW,1822564fbae08f152ad4541c8d067a6ec3b6014c4b4eb8209604e1facb5e1bb3,7463660,https://www.war.gov/ufo/pursue-initiative/,2026-05-12T22:26:48Z,1.0.0,9,,,,,Iraq,2022-05-01,month,Mission-Report
40,059UAP00013.pdf,text,Release_1.zip,Release_1/059UAP00013.pdf,Tranche_1,unknown,022b27728e86e291e078cac1d4fd5dcf225b2f6700175db9ea8ada19147318d8,1221743,https://www.war.gov/ufo/pursue-initiative/,2026-05-12T22:26:48Z,1.0.0,7,,,,,,,,
41,DOS-UAP-D1-Cable-1-Papua-New-Guinea-January-1985.pdf,text,Release_1.zip,Release_1/DOS-UAP-D1-Cable-1-Papua-New-Guinea-January-1985.pdf,Tranche_1,DOS,74032ed145b1badbb1049005b4b77ba95351cb573c3cf6578a77ca25f4033220,301285,https://www.war.gov/ufo/pursue-initiative/,2026-05-12T22:26:48Z,1.0.0,3,,,,,Papua-New-Guinea,1985-01-01,month,Cable
42,65_HS1-834228961_62-HQ-83894_Section_6.pdf,text,Release_1.zip,Release_1/65_HS1-834228961_62-HQ-83894_Section_6.pdf,Tranche_1,unknown,3df0935cf48e6847d0a5df77a987f8a446e545cc1dda20cad60f79d966516568,370571478,https://www.war.gov/ufo/pursue-initiative/,2026-05-12T22:26:48Z,1.0.0,271,,,,,,,,
43,FBI-Photo-B11.pdf,text,Release_1.zip,Release_1/FBI-Photo-B11.pdf,Tranche_1,unknown,ff3909ff0fa5f99ee6da291d9241b9cd57b24f2889fcead89d8ae37a753d6c1c,582514,https://www.war.gov/ufo/pursue-initiative/,2026-05-12T22:26:48Z,1.0.0,1,,,,,,,,
44,65_HS1-834228961_62-HQ-83894_SUB_A.pdf,text,Release_1.zip,Release_1/65_HS1-834228961_62-HQ-83894_SUB_A.pdf,Tranche_1,unknown,35995afc0d3986fffe9ca48b82d7712fcc7942e3e13ce554aac845302b5b1862,49325139,https://www.war.gov/ufo/pursue-initiative/,2026-05-12T22:26:48Z,1.0.0,124,,,,,,,,
45,FBI-Photo-B6.pdf,text,Release_1.zip,Release_1/FBI-Photo-B6.pdf,Tranche_1,unknown,09444e6501f05a4030120db174a1841e891814464fd7ce6f325178d3c09cdf1a,608164,https://www.war.gov/ufo/pursue-initiative/,2026-05-12T22:26:48Z,1.0.0,1,,,,,,,,
46,DOW-UAP-D5-Mission-Report-Arabian-Gulf-2020.pdf,text,Release_1.zip,Release_1/DOW-UAP-D5-Mission-Report-Arabian-Gulf-2020.pdf,Tranche_1,DOW,af150a6b5139abc632446c9d5999fd5abc4f3c476c6245f173faabb6e2132d10,30588,https://www.war.gov/ufo/pursue-initiative/,2026-05-12T22:26:48Z,1.0.0,6,,,,,Arabian-Gulf,2020-01-01,year,Mission-Report
47,FBI-Photo-A8.png,image,Release_1.zip,Release_1/FBI-Photo-A8.png,Tranche_1,unknown,8554d8c9285918762503bc164a820b9a3731397c3814943e74ae5e1d98bf9c80,87292,https://www.war.gov/ufo/pursue-initiative/,2026-05-12T22:26:48Z,1.0.0,,412,306,,,,,,
48,NASA-UAP-VM6-Apollo-17-1972.jpg,image,Release_1.zip,Release_1/NASA-UAP-VM6-Apollo-17-1972.jpg,Tranche_1,NASA,ce62e46b3535a4683ef6fd192d858be52dbbd9ca011ae1a9cb43dba947815f54,1778754,https://www.war.gov/ufo/pursue-initiative/,2026-05-12T22:26:48Z,1.0.0,,4400,4600,,,,1972-01-01,year,VM6
49,DOW-UAP-D49-Launch-Summary-February-2000.pdf,text,Release_1.zip,Release_1/DOW-UAP-D49-Launch-Summary-February-2000.pdf,Tranche_1,DOW,0dd7855ac3c69e39a9752c53fe6ba3e851d617e28adfcbf07c3ec93907877cf7,9090715,https://www.war.gov/ufo/pursue-initiative/,2026-05-12T22:26:48Z,1.0.0,113,,,,,,2000-02-01,month,Launch-Summary
50,NASA-UAP-VM5-Apollo-12-1969.jpg,image,Release_1.zip,Release_1/NASA-UAP-VM5-Apollo-12-1969.jpg,Tranche_1,NASA,472793feaf12754d25ed699a667fdd5cee91d61dda66b8027ff7fbdc48d00ccd,2590279,https://www.war.gov/ufo/pursue-initiative/,2026-05-12T22:26:48Z,1.0.0,,4400,4600,,,,1969-01-01,year,VM5
51,FBI-Photo-B7.pdf,text,Release_1.zip,Release_1/FBI-Photo-B7.pdf,Tranche_1,unknown,4f3122c323c6c0b6ef1bb12cefc623d7488b03fe1c5161f4ea4e111b91347684,607218,https://www.war.gov/ufo/pursue-initiative/,2026-05-12T22:26:48Z,1.0.0,1,,,,,,,,
52,255_t_763_r1b_transcripts.pdf,text,Release_1.zip,Release_1/255_t_763_r1b_transcripts.pdf,Tranche_1,unknown,73cb8f0dc879a38811d9d745c11771263e112ec12a0e6bbabc27b9f781ddb74b,328211,https://www.war.gov/ufo/pursue-initiative/,2026-05-12T22:26:48Z,1.0.0,4,,,,,,,,
53,FBI-Photo-B5.pdf,text,Release_1.zip,Release_1/FBI-Photo-B5.pdf,Tranche_1,unknown,032b86473fefc250def77d3904c381dad010e34390d58de54fd560054127936c,580719,https://www.war.gov/ufo/pursue-initiative/,2026-05-12T22:26:48Z,1.0.0,1,,,,,,,,
54,NASA-UAP-D7-Skylab-Technical-Crew-Debriefing-1973.pdf,text,Release_1.zip,Release_1/NASA-UAP-D7-Skylab-Technical-Crew-Debriefing-1973.pdf,Tranche_1,NASA,49e232c72a77f16f7e06593789a36882d614888d882a74d71eabcc7d2ce94fb6,659470,https://www.war.gov/ufo/pursue-initiative/,2026-05-12T22:26:48Z,1.0.0,11,,,,,,1973-01-01,year,D7
55,NASA-UAP-D4-Apollo-11-Technical-Crew-Debriefing-1969.pdf,text,Release_1.zip,Release_1/NASA-UAP-D4-Apollo-11-Technical-Crew-Debriefing-1969.pdf,Tranche_1,NASA,aacc41814dd16583bbeabe068026bf286cd9b0e464ff097c5c7b97b00d308443,29286242,https://www.war.gov/ufo/pursue-initiative/,2026-05-12T22:26:48Z,1.0.0,11,,,,,,1969-01-01,year,D4
56,DOW-UAP-D51-Email-Correspondence-Pacific-Time-Zone-March-2023.pdf,text,Release_1.zip,Release_1/DOW-UAP-D51-Email-Correspondence-Pacific-Time-Zone-March-2023.pdf,Tranche_1,DOW,f21f4ae91e51810bfa8a6fce6c422f2bbf99c6277871846c642f987954c042f6,76470,https://www.war.gov/ufo/pursue-initiative/,2026-05-12T22:26:48Z,1.0.0,6,,,,,Pacific-Time-Zone,2023-03-01,month,Email-Correspondence
57,NASA-UAP-D5-Apollo-17-Crew-Debriefing-for-Science-1973.pdf,text,Release_1.zip,Release_1/NASA-UAP-D5-Apollo-17-Crew-Debriefing-for-Science-1973.pdf,Tranche_1,NASA,5d7db3870de8c01a1c39b7e8a4185dd026fe132f01d1cd5ded60f10866722f7e,212585,https://www.war.gov/ufo/pursue-initiative/,2026-05-12T22:26:48Z,1.0.0,3,,,,,,1973-01-01,year,D5
58,331_120752_Numeric_Files_1944ΓÇô1945_37153_German_Armament_Equipment_Documents.pdf,text,Release_1.zip,Release_1/331_120752_Numeric_Files_1944ΓÇô1945_37153_German_Armament_Equipment_Documents.pdf,Tranche_1,unknown,cc709f89f3f3de832ee3979817a3c716727dd03c2f4fe26a545f1904b29fd467,15892720,https://www.war.gov/ufo/pursue-initiative/,2026-05-12T22:26:48Z,1.0.0,17,,,,,,,,
59,FBI-Photo-B4.pdf,text,Release_1.zip,Release_1/FBI-Photo-B4.pdf,Tranche_1,unknown,d5dd840f008b10fcd88bcab731f07b56fb614aa16048ced9672c9b40a9c9bc69,593683,https://www.war.gov/ufo/pursue-initiative/,2026-05-12T22:26:48Z,1.0.0,1,,,,,,,,
60,DOW-UAP-D18-Mission-Report-Iraq-December-2022.pdf,text,Release_1.zip,Release_1/DOW-UAP-D18-Mission-Report-Iraq-December-2022.pdf,Tranche_1,DOW,4752dd830144b21c3055a2fea8b44c551445b41622c27db64fb0fa07c2dcd93d,3673697,https://www.war.gov/ufo/pursue-initiative/,2026-05-12T22:26:48Z,1.0.0,6,,,,,Iraq,2022-12-01,month,Mission-Report
61,65_HS1-834228961_62-HQ-83894_Section_10.pdf,text,Release_1.zip,Release_1/65_HS1-834228961_62-HQ-83894_Section_10.pdf,Tranche_1,unknown,06f96d67fa825b5aefe41bd60e6f3860d71320e2aa436a2bf30240e12c33d0f0,106167501,https://www.war.gov/ufo/pursue-initiative/,2026-05-12T22:26:48Z,1.0.0,184,,,,,,,,
62,DOW-UAP-D56-Range-Fouler-Debrief-Arabian-Sea-August-2020.pdf,text,Release_1.zip,Release_1/DOW-UAP-D56-Range-Fouler-Debrief-Arabian-Sea-August-2020.pdf,Tranche_1,DOW,9127fb5a81efacf030df4dc6290d02bcdf4c8512cf1809b6eccfe6cf16a77f31,1849972,https://www.war.gov/ufo/pursue-initiative/,2026-05-12T22:26:48Z,1.0.0,1,,,,,Arabian-Sea,2020-08-01,month,Range-Fouler-Debrief
63,DOW-UAP-D4-Mission-Report-Arabian-Gulf-2020.pdf,text,Release_1.zip,Release_1/DOW-UAP-D4-Mission-Report-Arabian-Gulf-2020.pdf,Tranche_1,DOW,857deb5a9363aad6e7604c828574d1f44caa0128b3ee0cb5a69204cbcd95d269,29121,https://www.war.gov/ufo/pursue-initiative/,2026-05-12T22:26:48Z,1.0.0,5,,,,,Arabian-Gulf,2020-01-01,year,Mission-Report
64,FBI-Photo-B1.pdf,text,Release_1.zip,Release_1/FBI-Photo-B1.pdf,Tranche_1,unknown,6c47098b047b4cce59129072df1a7eeb5b6602da7ef209fa9dc1299e13622199,613116,https://www.war.gov/ufo/pursue-initiative/,2026-05-12T22:26:48Z,1.0.0,1,,,,,,,,
65,DOW-UAP-D3-Mission-Report-Arabian-Gulf-2020.pdf,text,Release_1.zip,Release_1/DOW-UAP-D3-Mission-Report-Arabian-Gulf-2020.pdf,Tranche_1,DOW,58219b8000454aa27424ead9530bf80420365a587b95d4c770a5dce916783b45,101111,https://www.war.gov/ufo/pursue-initiative/,2026-05-12T22:26:48Z,1.0.0,7,,,,,Arabian-Gulf,2020-01-01,year,Mission-Report
66,DOW-UAP-D57-Mission-Report-Gulf-of-Aden-September-2020.pdf,text,Release_1.zip,Release_1/DOW-UAP-D57-Mission-Report-Gulf-of-Aden-September-2020.pdf,Tranche_1,DOW,2565433b0ac938d6123c611be75b30ec6cf99c192e71dbf4ef53c40a6852ca00,295447,https://www.war.gov/ufo/pursue-initiative/,2026-05-12T22:26:48Z,1.0.0,1,,,,,Gulf-of-Aden,2020-09-01,month,Mission-Report
67,FBI-Photo-B3.pdf,text,Release_1.zip,Release_1/FBI-Photo-B3.pdf,Tranche_1,unknown,4a23e128950c1c45cf2f9e32c588088155e63e056d96f09ec94ddaa73ff0cccb,167999,https://www.war.gov/ufo/pursue-initiative/,2026-05-12T22:26:48Z,1.0.0,1,,,,,,,,
68,59_214434_SP_16_[7.18.1963].pdf,text,Release_1.zip,Release_1/59_214434_SP_16_[7.18.1963].pdf,Tranche_1,unknown,aba3ec3b8ef0240364308cf046ccbfcd252c5a5d7ef470d696b72c1f41b2502d,1598931,https://www.war.gov/ufo/pursue-initiative/,2026-05-12T22:26:48Z,1.0.0,6,,,,,,,,
69,DOW-UAP-D44-Range-Fouler-Arabian-Sea-October-2020.pdf,text,Release_1.zip,Release_1/DOW-UAP-D44-Range-Fouler-Arabian-Sea-October-2020.pdf,Tranche_1,DOW,c5cfbc8bacca29db64346aaa03846a6e36eab01ac09e1e93d8d50028593cf3f9,297873,https://www.war.gov/ufo/pursue-initiative/,2026-05-12T22:26:48Z,1.0.0,1,,,,,Arabian-Sea,2020-10-01,month,Range-Fouler
70,Serial-3_Redacted.pdf,text,Release_1.zip,Release_1/Serial-3_Redacted.pdf,Tranche_1,unknown,4f462fefe8f38e6445f652067ff0ba418e6b0d4f38ce73b5c8190e857fe352ed,275673,https://www.war.gov/ufo/pursue-initiative/,2026-05-12T22:26:48Z,1.0.0,2,,,,,,,,
71,65_HS1-834228961_62-HQ-83894_Serial_449.pdf,text,Release_1.zip,Release_1/65_HS1-834228961_62-HQ-83894_Serial_449.pdf,Tranche_1,unknown,beab1e97edc095b41bac00f3da2909e9fe252a6a3c623f46a83496bf7f4ed13b,12499481,https://www.war.gov/ufo/pursue-initiative/,2026-05-12T22:26:48Z,1.0.0,18,,,,,,,,
72,DOW-UAP-D60-Mission-Report-Persian-Gulf-August-2020.pdf,text,Release_1.zip,Release_1/DOW-UAP-D60-Mission-Report-Persian-Gulf-August-2020.pdf,Tranche_1,DOW,39126406547c89dbc81112c5638612858fcfe7e38179dd89e6d725dc6cee13b1,2412310,https://www.war.gov/ufo/pursue-initiative/,2026-05-12T22:26:48Z,1.0.0,6,,,,,Persian-Gulf,2020-08-01,month,Mission-Report
73,FBI-Photo-B2.pdf,text,Release_1.zip,Release_1/FBI-Photo-B2.pdf,Tranche_1,unknown,e55d5cab5063153c6f2f27314c47b9e4a7f4938f2cefc6bfecf7eb6264b0a07b,583544,https://www.war.gov/ufo/pursue-initiative/,2026-05-12T22:26:48Z,1.0.0,1,,,,,,,,
74,FBI-Photo-A1.png,image,Release_1.zip,Release_1/FBI-Photo-A1.png,Tranche_1,unknown,6e05171abaf2e9652035f276b683dab78bf8d0964d66bbed5022be7425bacee3,94513,https://www.war.gov/ufo/pursue-initiative/,2026-05-12T22:26:48Z,1.0.0,,544,368,,,,,,
75,38_143685_box7_Incident_Summaries_1-100.pdf,text,Release_1.zip,Release_1/38_143685_box7_Incident_Summaries_1-100.pdf,Tranche_1,unknown,13d1805bd1725b38174a328ddf34db564228163768a9082ddd59bca3780fc10e,247087612,https://www.war.gov/ufo/pursue-initiative/,2026-05-12T22:26:48Z,1.0.0,209,,,,,,,,
76,DOW-UAP-D6-Mission-Report-Arabian-Gulf-2020.pdf,text,Release_1.zip,Release_1/DOW-UAP-D6-Mission-Report-Arabian-Gulf-2020.pdf,Tranche_1,DOW,0f898352417d0447b3720c6eda131ac0cbe7e4cf90b8d1ceab60a431fa835457,26847,https://www.war.gov/ufo/pursue-initiative/,2026-05-12T22:26:48Z,1.0.0,7,,,,,Arabian-Gulf,2020-01-01,year,Mission-Report
77,59_64634_711.5612[7-2852.pdf,text,Release_1.zip,Release_1/59_64634_711.5612[7-2852.pdf,Tranche_1,unknown,dd6e0d2d32cec2ab397f2615f0d563b1b5edeeba719b3643b64abce0dee8a552,879944,https://www.war.gov/ufo/pursue-initiative/,2026-05-12T22:26:48Z,1.0.0,2,,,,,,,,
78,DOW-UAP-D64-Mission-Report-Iran-November-2020.pdf,text,Release_1.zip,Release_1/DOW-UAP-D64-Mission-Report-Iran-November-2020.pdf,Tranche_1,DOW,8422fceb10b2eafcab525690cc9aff6827fc78d5ae5e34b44174d9cc78abbb7c,860506,https://www.war.gov/ufo/pursue-initiative/,2026-05-12T22:26:48Z,1.0.0,7,,,,,Iran,2020-11-01,month,Mission-Report
79,FBI-Photo-A2.png,image,Release_1.zip,Release_1/FBI-Photo-A2.png,Tranche_1,unknown,7f7133940153eee809eb6389316bbd1b17bcb29059685c3f2d0e2ef67c4e33b8,98192,https://www.war.gov/ufo/pursue-initiative/,2026-05-12T22:26:48Z,1.0.0,,538,321,,,,,,
80,USPER-Statement-Redacted.pdf,text,Release_1.zip,Release_1/USPER-Statement-Redacted.pdf,Tranche_1,unknown,63deae172b2bd4923696ed097c0c25d1286f116be1efb313d14c0630ac0a1786,786792,https://www.war.gov/ufo/pursue-initiative/,2026-05-12T22:26:48Z,1.0.0,3,,,,,,,,
81,FBI-Photo-A3.png,image,Release_1.zip,Release_1/FBI-Photo-A3.png,Tranche_1,unknown,33fca4826934033f9043827d452bec1b9e3448c04bbcb19ea6d0ce61ee7d1635,94807,https://www.war.gov/ufo/pursue-initiative/,2026-05-12T22:26:48Z,1.0.0,,413,307,,,,,,
82,DOW-UAP-D20-Mission-Report-Iraq-2023.pdf,text,Release_1.zip,Release_1/DOW-UAP-D20-Mission-Report-Iraq-2023.pdf,Tranche_1,DOW,3e5b68e982951556825ffa4ac21fd8f950e4055ed4da4d425fa6387a660b398b,3354523,https://www.war.gov/ufo/pursue-initiative/,2026-05-12T22:26:48Z,1.0.0,6,,,,,Iraq,2023-01-01,year,Mission-Report
83,18_6369445_General_1948_Vol_1.pdf,text,Release_1.zip,Release_1/18_6369445_General_1948_Vol_1.pdf,Tranche_1,unknown,34d59dc7578ffe7e072a6164c6050f45cff30b634313a87141c0886aa93d15c7,65878977,https://www.war.gov/ufo/pursue-initiative/,2026-05-12T22:26:48Z,1.0.0,28,,,,,,,,
84,FBI-Photo-B9.pdf,text,Release_1.zip,Release_1/FBI-Photo-B9.pdf,Tranche_1,unknown,e61a49212bb82cfc9a6e7627a2291c9159bbbb2272fb995e45411a48e44eb0b1,588086,https://www.war.gov/ufo/pursue-initiative/,2026-05-12T22:26:48Z,1.0.0,1,,,,,,,,
85,FBI-Photo-A7.png,image,Release_1.zip,Release_1/FBI-Photo-A7.png,Tranche_1,unknown,25e87f1c743d7c6c972002a860a156a59265250be3c0acad282c269988ee0662,88727,https://www.war.gov/ufo/pursue-initiative/,2026-05-12T22:26:48Z,1.0.0,,412,306,,,,,,
86,NASA-UAP-VM4-Apollo-12-1969.jpg,image,Release_1.zip,Release_1/NASA-UAP-VM4-Apollo-12-1969.jpg,Tranche_1,NASA,92ae47295e427519e9189d241db01823223b6c232125ea8015a603100f80b6c2,2444608,https://www.war.gov/ufo/pursue-initiative/,2026-05-12T22:26:48Z,1.0.0,,4400,4600,,,,1969-01-01,year,VM4
87,DOW-UAP-D38-Range-Fouler-Debrief-Middle-East-May-2020.pdf,text,Release_1.zip,Release_1/DOW-UAP-D38-Range-Fouler-Debrief-Middle-East-May-2020.pdf,Tranche_1,DOW,90b353682ba2181149054d0911b7553e58e959438dd4de531a06fc387a332f85,342668,https://www.war.gov/ufo/pursue-initiative/,2026-05-12T22:26:48Z,1.0.0,1,,,,,Middle-East,2020-05-01,month,Range-Fouler-Debrief
88,DOW-UAP-D7-Mission-Report-Arabian-Gulf-2020.pdf,text,Release_1.zip,Release_1/DOW-UAP-D7-Mission-Report-Arabian-Gulf-2020.pdf,Tranche_1,DOW,c4cae44b6ac7b4f4916ddff140d47b1e2a6ddc80ed72985877c07401d17fd76a,27337,https://www.war.gov/ufo/pursue-initiative/,2026-05-12T22:26:48Z,1.0.0,6,,,,,Arabian-Gulf,2020-01-01,year,Mission-Report
89,"DOW-UAP-D32-Mission-Report,-Syria-October-2024.pdf",text,Release_1.zip,"Release_1/DOW-UAP-D32-Mission-Report,-Syria-October-2024.pdf",Tranche_1,DOW,fd4deb1e48fcfa7fd2370b6459877882e6d6fdd0226ecaa881a45fba690172df,651740,https://www.war.gov/ufo/pursue-initiative/,2026-05-12T22:26:48Z,1.0.0,10,,,,,Syria,2024-10-01,month,Mission-Report
90,FBI-Photo-A6.png,image,Release_1.zip,Release_1/FBI-Photo-A6.png,Tranche_1,unknown,0686b305215d5a6ffe009dfbb06a6c7797d28e34880dfc682f4726ba7db30270,80159,https://www.war.gov/ufo/pursue-initiative/,2026-05-12T22:26:48Z,1.0.0,,412,308,,,,,,
91,FBI-Photo-B8.pdf,text,Release_1.zip,Release_1/FBI-Photo-B8.pdf,Tranche_1,unknown,cae6a62245153fd16acd8c4ff995d19c49fdadf7be152a85c8fe5d714fc3f423,585686,https://www.war.gov/ufo/pursue-initiative/,2026-05-12T22:26:48Z,1.0.0,1,,,,,,,,
92,DOW-UAP-D63-Mission-Report-Strait-of-Hormuz-October-2020.pdf,text,Release_1.zip,Release_1/DOW-UAP-D63-Mission-Report-Strait-of-Hormuz-October-2020.pdf,Tranche_1,DOW,ad3b37eb9fbd20e6dc75152e486514e58ff8a1edde3d32615887ea0d19727884,3311583,https://www.war.gov/ufo/pursue-initiative/,2026-05-12T22:26:48Z,1.0.0,8,,,,,Strait-of-Hormuz,2020-10-01,month,Mission-Report
93,FBI-Photo-A4.png,image,Release_1.zip,Release_1/FBI-Photo-A4.png,Tranche_1,unknown,211a0cf5a12935c616541d2536237ca50e23a00e52d035eef4d50343dc997f69,96879,https://www.war.gov/ufo/pursue-initiative/,2026-05-12T22:26:48Z,1.0.0,,637,307,,,,,,
94,65_HS1-834228961_62-HQ-83894_Serial_130.pdf,text,Release_1.zip,Release_1/65_HS1-834228961_62-HQ-83894_Serial_130.pdf,Tranche_1,unknown,6446322736ff970386c35f5d305a9d245e632e80f53594ca948718cefd8669a9,106690293,https://www.war.gov/ufo/pursue-initiative/,2026-05-12T22:26:48Z,1.0.0,126,,,,,,,,
95,DOW-UAP-D19-Mission-Report-Syria-February-21-2023.pdf,text,Release_1.zip,Release_1/DOW-UAP-D19-Mission-Report-Syria-February-21-2023.pdf,Tranche_1,DOW,46701a48cefa62a834941f073aa47234bcd5358b1ecc53bfa58cfc7cb5aeec41,5885305,https://www.war.gov/ufo/pursue-initiative/,2026-05-12T22:26:48Z,1.0.0,10,,,,,Syria,2023-02-21,day,Mission-Report
96,FBI-Photo-A5.png,image,Release_1.zip,Release_1/FBI-Photo-A5.png,Tranche_1,unknown,66b9b9de53f1dc02577773bb9ddc5ca3e8519c9429c1158f6a1519e516d5a0e2,89225,https://www.war.gov/ufo/pursue-initiative/,2026-05-12T22:26:48Z,1.0.0,,434,322,,,,,,
97,255_413270_UFO's_and_Defense_What_Should_we_Prepare_For.pdf,text,Release_1.zip,Release_1/255_413270_UFO's_and_Defense_What_Should_we_Prepare_For.pdf,Tranche_1,unknown,2af37a8e08174de45b12ee3acc628736a3a36c5d95edd6c2c17f0bf6ccf1431e,33457869,https://www.war.gov/ufo/pursue-initiative/,2026-05-12T22:26:48Z,1.0.0,94,,,,,,,,
98,65_HS1-834228961_62-HQ-83894_Serial_220.pdf,text,Release_1.zip,Release_1/65_HS1-834228961_62-HQ-83894_Serial_220.pdf,Tranche_1,unknown,7899c7229a9c410bcc2ca0164c5a229c89c4ec9a31ead8824cdb8f5f501a605b,8421314,https://www.war.gov/ufo/pursue-initiative/,2026-05-12T22:26:48Z,1.0.0,15,,,,,,,,
99,FBI-Photo-B20.pdf,text,Release_1.zip,Release_1/FBI-Photo-B20.pdf,Tranche_1,unknown,d5f7a811de98462378fb4b61beeeb107bd2aa58d32b0a0d3a7788e1457b3593f,577784,https://www.war.gov/ufo/pursue-initiative/,2026-05-12T22:26:48Z,1.0.0,1,,,,,,,,
100,DOW-UAP-D33-Mission-Report-Greece-October-2023.pdf,text,Release_1.zip,Release_1/DOW-UAP-D33-Mission-Report-Greece-October-2023.pdf,Tranche_1,DOW,7078d96f334dbf396e0e0a141f943009fe2191cd20842e16ee381bcbc2776c43,897434,https://www.war.gov/ufo/pursue-initiative/,2026-05-12T22:26:48Z,1.0.0,7,,,,,Greece,2023-10-01,month,Mission-Report
101,DOW-UAP-D52-Email-Correspondance-NA-August-2024.pdf,text,Release_1.zip,Release_1/DOW-UAP-D52-Email-Correspondance-NA-August-2024.pdf,Tranche_1,DOW,90570293e61c9b228e557b2e83f6e32821f5cf13879b0c5b83c1b8b58153f510,66874,https://www.war.gov/ufo/pursue-initiative/,2026-05-12T22:26:48Z,1.0.0,2,,,,,NA,2024-08-01,month,Email-Correspondance
102,DOW-UAP-D25-Mission-Report-Greece-January-2024.pdf,text,Release_1.zip,Release_1/DOW-UAP-D25-Mission-Report-Greece-January-2024.pdf,Tranche_1,DOW,bd5478d2e420f6ff46fb06014e39027e1caa415f55efdc9bd70a849ff6990356,680054,https://www.war.gov/ufo/pursue-initiative/,2026-05-12T22:26:48Z,1.0.0,7,,,,,Greece,2024-01-01,month,Mission-Report
103,FBI-Photo-B21.pdf,text,Release_1.zip,Release_1/FBI-Photo-B21.pdf,Tranche_1,unknown,52b81ee21a3bfc5ecce1777d6e91d85aabe8bb905dab1963a793dd4787005214,592551,https://www.war.gov/ufo/pursue-initiative/,2026-05-12T22:26:48Z,1.0.0,1,,,,,,,,
104,DOW-UAP-D62-Mission-Report-Strait-of-Hormuz-September-2020.pdf,text,Release_1.zip,Release_1/DOW-UAP-D62-Mission-Report-Strait-of-Hormuz-September-2020.pdf,Tranche_1,DOW,36708d3c6121b00c55394ac4a648fbcbe5411c8b2c00ea8f42f9ca0e502c6b13,1045437,https://www.war.gov/ufo/pursue-initiative/,2026-05-12T22:26:48Z,1.0.0,9,,,,,Strait-of-Hormuz,2020-09-01,month,Mission-Report
105,DOW-UAP-D61-Mission-Report-Persian-Gulf-August-2020.pdf,text,Release_1.zip,Release_1/DOW-UAP-D61-Mission-Report-Persian-Gulf-August-2020.pdf,Tranche_1,DOW,4ce20fc566edf4a3dcb8a8abd7a5dcd91046069f9e35f83912ad757c8c8be1b9,877324,https://www.war.gov/ufo/pursue-initiative/,2026-05-12T22:26:48Z,1.0.0,7,,,,,Persian-Gulf,2020-08-01,month,Mission-Report
106,2024-04-30-Composite-Sketch.pdf,text,Release_1.zip,Release_1/2024-04-30-Composite-Sketch.pdf,Tranche_1,unknown,7768268e837325333be0ea00ce5c00f571de3190e0c390f33e098f183cbf19a5,109275,https://www.war.gov/ufo/pursue-initiative/,2026-05-12T22:26:48Z,1.0.0,1,,,,,,,,
107,NASA-UAP-VM2-Apollo-12-1969.jpg,image,Release_1.zip,Release_1/NASA-UAP-VM2-Apollo-12-1969.jpg,Tranche_1,NASA,acaa311b10923b3a575041b3d62ea6e698d7694fdd6b91ceb4689984f7354c48,2630734,https://www.war.gov/ufo/pursue-initiative/,2026-05-12T22:26:48Z,1.0.0,,4400,4600,,,,1969-01-01,year,VM2
108,FBI-Photo-B23.pdf,text,Release_1.zip,Release_1/FBI-Photo-B23.pdf,Tranche_1,unknown,ddd839e52ad4d98986a25a760d0040c475d4c43fb7a52cf4c817aa87f51d9271,423857,https://www.war.gov/ufo/pursue-initiative/,2026-05-12T22:26:48Z,1.0.0,1,,,,,,,,
109,NASA-UAP-D2-Apollo-17-Transcript-1972.pdf,text,Release_1.zip,Release_1/NASA-UAP-D2-Apollo-17-Transcript-1972.pdf,Tranche_1,NASA,9d041c8799a0124dc440c05cacd790a43d9e063e399aaa5cd3ee777b14146d03,463669,https://www.war.gov/ufo/pursue-initiative/,2026-05-12T22:26:48Z,1.0.0,16,,,,,,1972-01-01,year,D2
110,65_HS1-834228961_62-HQ-83894_Section_8.pdf,text,Release_1.zip,Release_1/65_HS1-834228961_62-HQ-83894_Section_8.pdf,Tranche_1,unknown,29f187bce011d5e4eaad979e179dfb746d7dbe6a0701ed6cb6b32199080ffd55,120391107,https://www.war.gov/ufo/pursue-initiative/,2026-05-12T22:26:48Z,1.0.0,217,,,,,,,,
111,DOW-UAP-D74-Mission-Report-Syria-November-2023.pdf,text,Release_1.zip,Release_1/DOW-UAP-D74-Mission-Report-Syria-November-2023.pdf,Tranche_1,DOW,30708df4aa8484c668d3c3694560f5b57d5a10b6b3da1cfb826a925d9cc806e1,719044,https://www.war.gov/ufo/pursue-initiative/,2026-05-12T22:26:48Z,1.0.0,10,,,,,Syria,2023-11-01,month,Mission-Report
112,DOW-UAP-D54-Mission-Report-Mediterranean-Sea-NA.pdf,text,Release_1.zip,Release_1/DOW-UAP-D54-Mission-Report-Mediterranean-Sea-NA.pdf,Tranche_1,DOW,03b730443d7be1c67478fc26da8ed664cb48b97acdb817caca3b04fd9b9b82a8,20095,https://www.war.gov/ufo/pursue-initiative/,2026-05-12T22:26:48Z,1.0.0,7,,,,,Mediterranean-Sea,,,Mission-Report
113,DOW-UAP-D58-Range-Fouler-Debrief-NA-October-2020.pdf,text,Release_1.zip,Release_1/DOW-UAP-D58-Range-Fouler-Debrief-NA-October-2020.pdf,Tranche_1,DOW,c2bd370cdadc2f17649830713d55731aa22ceb76940fd64ae7ffc86fc0559261,301419,https://www.war.gov/ufo/pursue-initiative/,2026-05-12T22:26:48Z,1.0.0,1,,,,,NA,2020-10-01,month,Range-Fouler-Debrief
114,FBI-Photo-B22.pdf,text,Release_1.zip,Release_1/FBI-Photo-B22.pdf,Tranche_1,unknown,932c53d8d8031325459c479e54a6c44ea9408faa26344f2a983417ed437d0dc5,434482,https://www.war.gov/ufo/pursue-initiative/,2026-05-12T22:26:48Z,1.0.0,1,,,,,,,,
115,65_HS1-834228961_62-HQ-83894_Section_9.pdf,text,Release_1.zip,Release_1/65_HS1-834228961_62-HQ-83894_Section_9.pdf,Tranche_1,unknown,ca1684b554c662851028c03a8861028e04f1d813e5621ffbb888b8eac87e9fce,91452111,https://www.war.gov/ufo/pursue-initiative/,2026-05-12T22:26:48Z,1.0.0,290,,,,,,,,
116,DOW-UAP-D55-Mission-Report-Syria-November-2016.pdf,text,Release_1.zip,Release_1/DOW-UAP-D55-Mission-Report-Syria-November-2016.pdf,Tranche_1,DOW,f5885b95b57a81c08f0595c02950a07c250db050562520c52fb74f2195787166,207227,https://www.war.gov/ufo/pursue-initiative/,2026-05-12T22:26:48Z,1.0.0,1,,,,,Syria,2016-11-01,month,Mission-Report
117,NASA-UAP-D6-Apollo-17-Technical-Crew-Debriefing-1973.pdf,text,Release_1.zip,Release_1/NASA-UAP-D6-Apollo-17-Technical-Crew-Debriefing-1973.pdf,Tranche_1,NASA,2c874c40c55505f2348177ddde77c9fd015bf971e6e059c43508a92bc9ee6b30,513402,https://www.war.gov/ufo/pursue-initiative/,2026-05-12T22:26:48Z,1.0.0,2,,,,,,1973-01-01,year,D6
118,DOW-UAP-D10-Mission-Report-Middle-East-May-2022.pdf,text,Release_1.zip,Release_1/DOW-UAP-D10-Mission-Report-Middle-East-May-2022.pdf,Tranche_1,DOW,f9deed9063306b0c45a5a0f6b754db6967f7dc3a0ed66097f154be4b0f033399,663290,https://www.war.gov/ufo/pursue-initiative/,2026-05-12T22:26:48Z,1.0.0,6,,,,,Middle-East,2022-05-01,month,Mission-Report
119,NASA-UAP-VM1-Apollo-12-1969.jpg,image,Release_1.zip,Release_1/NASA-UAP-VM1-Apollo-12-1969.jpg,Tranche_1,NASA,7f1c6a3220d6c59013fbc04f0011867ee5caf77f439fb6ecc6f7e80b0232ea55,2526206,https://www.war.gov/ufo/pursue-initiative/,2026-05-12T22:26:48Z,1.0.0,,4400,4600,,,,1969-01-01,year,VM1
120,341_110448_Records_Relating_to_the_Collection_and_Dissemination_of_Intelligence_1948-1955-TS_CONT_No.2_2-5300-2-5399.pdf,text,Release_1.zip,Release_1/341_110448_Records_Relating_to_the_Collection_and_Dissemination_of_Intelligence_1948-1955-TS_CONT_No.2_2-5300-2-5399.pdf,Tranche_1,unknown,45b2fdb6c919cd8ed9c4406f4d60c7add073669dff5a5497595d4ecf08d72073,9888054,https://www.war.gov/ufo/pursue-initiative/,2026-05-12T22:26:48Z,1.0.0,7,,,,,,,,
121,38_143685_box7_Incident_Summaries_101-172.pdf,text,Release_1.zip,Release_1/38_143685_box7_Incident_Summaries_101-172.pdf,Tranche_1,unknown,f4b5cf6a93fe47c09123ce53706e430c814229ed688a49a96244a90b4bcf3e05,242733260,https://www.war.gov/ufo/pursue-initiative/,2026-05-12T22:26:48Z,1.0.0,178,,,,,,,,
122,FBI-Photo-B19.pdf,text,Release_1.zip,Release_1/FBI-Photo-B19.pdf,Tranche_1,unknown,29dc410fc55141b34ee1a7bc42f41a1fa388ccba7086a3dba5774aaec27cf8b0,600310,https://www.war.gov/ufo/pursue-initiative/,2026-05-12T22:26:48Z,1.0.0,1,,,,,,,,
123,DOW-UAP-D12-Mission-Report-Iraq-May-2022.pdf,text,Release_1.zip,Release_1/DOW-UAP-D12-Mission-Report-Iraq-May-2022.pdf,Tranche_1,DOW,00afb60938d05101a62d0af41fdfc6749612fcea806d90d5a1035a9dc874afb5,670302,https://www.war.gov/ufo/pursue-initiative/,2026-05-12T22:26:48Z,1.0.0,6,,,,,Iraq,2022-05-01,month,Mission-Report
124,NASA-UAP-D1-Apollo-12-Transcript-1969.pdf,text,Release_1.zip,Release_1/NASA-UAP-D1-Apollo-12-Transcript-1969.pdf,Tranche_1,NASA,ab911622b7d4203d9d54914f03d1662cf561b7f943afe9d17f9617cfaea06585,1030644,https://www.war.gov/ufo/pursue-initiative/,2026-05-12T22:26:48Z,1.0.0,4,,,,,,1969-01-01,year,D1
125,65_HS1-834228961_62-HQ-83894_Serial_153.pdf,text,Release_1.zip,Release_1/65_HS1-834228961_62-HQ-83894_Serial_153.pdf,Tranche_1,unknown,fbb76ffa1aad67e53d98e189b557ee3f893d2374ca28ae93862a79db20908db6,5546075,https://www.war.gov/ufo/pursue-initiative/,2026-05-12T22:26:48Z,1.0.0,9,,,,,,,,
126,DOW-UAP-D35-Mission-Report-Greece-October-2023.pdf,text,Release_1.zip,Release_1/DOW-UAP-D35-Mission-Report-Greece-October-2023.pdf,Tranche_1,DOW,b4f4f4ce6dc7687a543905990671f999cd6c5a9e579159bfda501bf6d04f4445,1415369,https://www.war.gov/ufo/pursue-initiative/,2026-05-12T22:26:48Z,1.0.0,7,,,,,Greece,2023-10-01,month,Mission-Report
127,Western_US_Event_Slides_5.08.2026.pdf,text,Release_1.zip,Release_1/Western_US_Event_Slides_5.08.2026.pdf,Tranche_1,unknown,6a4e6ee6111eec24d28aa9b4b9d72beafe0be5a480972683fbce82f758e6be35,63463,https://www.war.gov/ufo/pursue-initiative/,2026-05-12T22:26:48Z,1.0.0,4,,,,,,,,
128,FBI-Photo-B18.pdf,text,Release_1.zip,Release_1/FBI-Photo-B18.pdf,Tranche_1,unknown,5e8801ee956ccb3aed9c605cd9e1d097b2abfd379d3d6e84d4c09a080aa570fd,429941,https://www.war.gov/ufo/pursue-initiative/,2026-05-12T22:26:48Z,1.0.0,1,,,,,,,,
129,FBI-Photo-B24.pdf,text,Release_1.zip,Release_1/FBI-Photo-B24.pdf,Tranche_1,unknown,3dab0652bc49b11624234042e65b3340a1146586ed9521f15731517ce042f8e1,440280,https://www.war.gov/ufo/pursue-initiative/,2026-05-12T22:26:48Z,1.0.0,1,,,,,,,,
130,DOD_111688723.mp4,video,uapvideos.zip,DOD_111688723.mp4,Tranche_1,DOD,a38432ae56298abadf50de06103a6fbd591ea539e124ab1db25a4a511468cfb6,6814452,https://www.war.gov/ufo/pursue-initiative/,2026-05-12T22:26:54Z,1.0.0,,,,5.4,1920x1080,,,,
131,DOD_111688762.mp4,video,uapvideos.zip,DOD_111688762.mp4,Tranche_1,DOD,af62b4e40a2eb0fd39f98093be2a6ae50271a011e7d5caca2119b26aaabc1212,12752210,https://www.war.gov/ufo/pursue-initiative/,2026-05-12T22:26:54Z,1.0.0,,,,10.27,1920x1080,,,,
132,DOD_111688775.mp4,video,uapvideos.zip,DOD_111688775.mp4,Tranche_1,DOD,17106a65c823fb0c4c55f41be31f863f18300bd858f536726ea6f9f3cf35ac8c,3982264,https://www.war.gov/ufo/pursue-initiative/,2026-05-12T22:26:54Z,1.0.0,,,,14.2,1920x1080,,,,
133,DOD_111688809.mp4,video,uapvideos.zip,DOD_111688809.mp4,Tranche_1,DOD,d6a177a7004837546b8e3ea12ad0e632d9c31eabca427e05ae6eb9d4e4493f47,5300653,https://www.war.gov/ufo/pursue-initiative/,2026-05-12T22:26:54Z,1.0.0,,,,10.73,1920x1080,,,,
134,DOD_111688816.mp4,video,uapvideos.zip,DOD_111688816.mp4,Tranche_1,DOD,46fdeec860cdaa6b27b6fcc51d0b7e045347d494832cdc65f2038e702eaa58aa,27493716,https://www.war.gov/ufo/pursue-initiative/,2026-05-12T22:26:54Z,1.0.0,,,,43.17,1920x1080,,,,
135,DOD_111688825.mp4,video,uapvideos.zip,DOD_111688825.mp4,Tranche_1,DOD,3c510fe34677a0784c656105b9653ce3039d83de46f929f1ee6d6fb820ce3b8c,155885289,https://www.war.gov/ufo/pursue-initiative/,2026-05-12T22:26:54Z,1.0.0,,,,297.33,1920x1080,,,,
136,DOD_111688954.mp4,video,uapvideos.zip,DOD_111688954.mp4,Tranche_1,DOD,9aa868828e0b7be178604162a8abc1e11f0ee6e27d9c48eabbee4d032a50fd72,15992674,https://www.war.gov/ufo/pursue-initiative/,2026-05-12T22:26:54Z,1.0.0,,,,66.0,1920x1080,,,,
137,DOD_111688964.mp4,video,uapvideos.zip,DOD_111688964.mp4,Tranche_1,DOD,4e1882dcb2a3bd0253a29fce2bb415fdb2f1196e694a3185c31a82e3a8127ba8,15445575,https://www.war.gov/ufo/pursue-initiative/,2026-05-12T22:26:54Z,1.0.0,,,,21.8,1920x1080,,,,
138,DOD_111688970.mp4,video,uapvideos.zip,DOD_111688970.mp4,Tranche_1,DOD,3862ae94ef113a44814a6cc0362ac689333580afd1a307005f51abd0d4b9e3df,644525,https://www.war.gov/ufo/pursue-initiative/,2026-05-12T22:26:54Z,1.0.0,,,,5.13,1920x1080,,,,
139,DOD_111688997.mp4,video,uapvideos.zip,DOD_111688997.mp4,Tranche_1,DOD,74bd47f0b608c19367b673ba186071db725719eebc7c7b251b8ef2b944c6427e,1834659,https://www.war.gov/ufo/pursue-initiative/,2026-05-12T22:26:54Z,1.0.0,,,,6.6,1920x1080,,,,
140,DOD_111689005.mp4,video,uapvideos.zip,DOD_111689005.mp4,Tranche_1,DOD,5bdc888fd25014c5519d625764233f66ee0214bfa48c1670aff5d7c00029a5d9,426911,https://www.war.gov/ufo/pursue-initiative/,2026-05-12T22:26:54Z,1.0.0,,,,5.03,1920x1080,,,,
141,DOD_111689011.mp4,video,uapvideos.zip,DOD_111689011.mp4,Tranche_1,DOD,34eb85ab42bb6ce5d376c02fd2db4eee0211864ed3bcd8a8247a08fe0da8c99e,198248609,https://www.war.gov/ufo/pursue-initiative/,2026-05-12T22:26:54Z,1.0.0,,,,177.2,1920x1080,,,,
142,DOD_111689022.mp4,video,uapvideos.zip,DOD_111689022.mp4,Tranche_1,DOD,670077e60bca959cde784ae1595688d645397804d811a7f5a85912c60045d471,2406930,https://www.war.gov/ufo/pursue-initiative/,2026-05-12T22:26:54Z,1.0.0,,,,24.5,800x444,,,,
143,DOD_111689030.mp4,video,uapvideos.zip,DOD_111689030.mp4,Tranche_1,DOD,5f32ce0126de2c9571f2af368b2629c15b4f1cb3582700641ef31c1d1a8ceac8,142686223,https://www.war.gov/ufo/pursue-initiative/,2026-05-12T22:26:54Z,1.0.0,,,,137.37,1920x1080,,,,
144,DOD_111689044.mp4,video,uapvideos.zip,DOD_111689044.mp4,Tranche_1,DOD,5d60cc99eda2223d7509c9ac801aa1b66200ac24572256d306b1cdb754c0ad8a,8543893,https://www.war.gov/ufo/pursue-initiative/,2026-05-12T22:26:54Z,1.0.0,,,,9.8,1920x1080,,,,
145,DOD_111689051.mp4,video,uapvideos.zip,DOD_111689051.mp4,Tranche_1,DOD,bd3f5269c3f123b90db76c9496f8ddbb145184c66b0c11cd3cfd9e54f5b683b6,30707537,https://www.war.gov/ufo/pursue-initiative/,2026-05-12T22:26:54Z,1.0.0,,,,106.43,1920x1080,,,,
146,DOD_111689057.mp4,video,uapvideos.zip,DOD_111689057.mp4,Tranche_1,DOD,b0975d88681b2d0afb31cf83c43d4e63fedef67fec5687795bdec257decb0825,1708179,https://www.war.gov/ufo/pursue-initiative/,2026-05-12T22:26:54Z,1.0.0,,,,5.83,1920x1080,,,,
147,DOD_111689082.mp4,video,uapvideos.zip,DOD_111689082.mp4,Tranche_1,DOD,e91f12de19cadaa3af6c324bc3caa83af2ce47c80fefbceeb5e038f5c1866dac,29392078,https://www.war.gov/ufo/pursue-initiative/,2026-05-12T22:26:54Z,1.0.0,,,,63.2,1920x1080,,,,
148,DOD_111689083.mp4,video,uapvideos.zip,DOD_111689083.mp4,Tranche_1,DOD,ea6b86de5ec070a789e515456fb7ed2ef0bfbe536b30025117ef47cefa59c503,116787147,https://www.war.gov/ufo/pursue-initiative/,2026-05-12T22:26:54Z,1.0.0,,,,94.53,1920x1080,,,,
149,DOD_111689090.mp4,video,uapvideos.zip,DOD_111689090.mp4,Tranche_1,DOD,049ce64e1dcd06c0b054e74c196d339b8fd2778091d82ff9d230e5c83253c0d6,274712045,https://www.war.gov/ufo/pursue-initiative/,2026-05-12T22:26:54Z,1.0.0,,,,293.17,1920x1080,,,,
150,DOD_111689115.mp4,video,uapvideos.zip,DOD_111689115.mp4,Tranche_1,DOD,9db22223a0384d0439235fe6583cb5be5e7fd38f0d040fec8402ba2edbedd883,86775527,https://www.war.gov/ufo/pursue-initiative/,2026-05-12T22:26:54Z,1.0.0,,,,312.0,1920x1080,,,,
151,DOD_111689123.mp4,video,uapvideos.zip,DOD_111689123.mp4,Tranche_1,DOD,30d4ecc8af56475042a65e52e5910be9d95e3cb08e397293fb52885ba23e9b6e,14908599,https://www.war.gov/ufo/pursue-initiative/,2026-05-12T22:26:54Z,1.0.0,,,,58.77,1920x1080,,,,
152,DOD_111689133.mp4,video,uapvideos.zip,DOD_111689133.mp4,Tranche_1,DOD,34ffb5ae5fe4f85871d41579767e4e37bc5c8cbba47fb63a40b8a4e4f39d613d,3005135,https://www.war.gov/ufo/pursue-initiative/,2026-05-12T22:26:54Z,1.0.0,,,,9.87,1920x1080,,,,
153,DOD_111689142.mp4,video,uapvideos.zip,DOD_111689142.mp4,Tranche_1,DOD,5d4d87441b6ed4527bfd563900b1534817a751d7897e03e1c61b51b46b95a610,15963093,https://www.war.gov/ufo/pursue-initiative/,2026-05-12T22:26:54Z,1.0.0,,,,119.67,1920x1080,,,,
154,DOD_111689167.mp4,video,uapvideos.zip,DOD_111689167.mp4,Tranche_1,DOD,bd1f002f45052b12ee067455a0a4b589b0bdaed40d75874d8da8fbf64eae8dd1,116761162,https://www.war.gov/ufo/pursue-initiative/,2026-05-12T22:26:54Z,1.0.0,,,,99.37,1920x1080,,,,
155,DOD_111689168.mp4,video,uapvideos.zip,DOD_111689168.mp4,Tranche_1,DOD,dbf0b1a061cc741f88818ac9c938d6752fb5d1c0a3e729b1e6b42f4e859f472f,17266193,https://www.war.gov/ufo/pursue-initiative/,2026-05-12T22:26:54Z,1.0.0,,,,109.2,1920x1080,,,,
156,DOD_111689232.mp4,video,uapvideos.zip,DOD_111689232.mp4,Tranche_1,DOD,4965639958d9a9dde9c98a17357f1b9818bf2bd36c9e857b69e1d8990fdd095f,19126276,https://www.war.gov/ufo/pursue-initiative/,2026-05-12T22:26:54Z,1.0.0,,,,371.6,1920x1080,,,,
157,DOD_111689759.mp4,video,uapvideos.zip,DOD_111689759.mp4,Tranche_1,DOD,1847cfc831b0a2299b070c958234a1679ebc719489a0eabe032b667eac65588f,9089058,https://www.war.gov/ufo/pursue-initiative/,2026-05-12T22:26:54Z,1.0.0,,,,11.75,1920x1080,,,,
